2N7002-FDICT-ND,2
311-1150-1-ND,1
311-1154-1-ND,2
311-1166-1-ND,1
311-1173-1-ND,1
311-1176-1-ND,1
311-1177-1-ND,1
311-1179-1-ND,6
399-3687-1-ND,3
399-5124-1-ND,1
887-1081-1-ND,1
ATMEGA328P-AU-ND,1
BAT42W-FDICT-ND,5
BC848CMTFCT-ND,5
AP7313-33SRG-7DICT-ND,1
LM386M-1/NOPB-ND,1
NCP1117ST50T3GOSCT-ND,1
RMCF1206JT10K0CT-ND,6
RMCF1206JT100KCT-ND,2
RMCF1206JT12R0CT-ND,1
RMCF1206JT150RCT-ND,1
RMCF1206JT1K00CT-ND,3
RMCF1206JT22K0CT-ND,1
RMCF1206JT2K20CT-ND,3
RMCF1206JT470KCT-ND,1
RMCF1206JT470RCT-ND,1
RMCF1206JT47K0CT-ND,2
RMCF1206JT4K70CT-ND,1
RMCF1206JT560KCT-ND,1